COL_CODE,TYPE,NAME OF THE COLLEGE,COURSES OFFERED,DISTRICT,ADDRESS
104,Govt (Affiliated),"Government College of Engineering, Keonjhar",B.TECH,Keonjhar,"At - Jamunalia, Po - Old Town,,Dist - Keonjhar, Odisha - 758002"
112,Govt (Affiliated),Central Institute of Petrochemicals Engineering and Technology,B.TECH\M.TECH,Khurda,"Plot No - B-25, CNI Complex, Patia,Dist - Khurda, Odisha - 751024"
113,Govt (Affiliated),Biju Patnaik Film & Television Institute of Orissa,B.AA&C,Cuttack,"Medical Road, Bose Campus, Cuttack,Dist - Cuttack, Odisha - 753007"
110,Govt (Affiliated),"Government College of Engineering, Kalahandi",B.TECH,Kalahandi,"Bhawanipatna, Kalahandi,Dist : Kalahandi, Odisha - 766002"
109,Govt (Affiliated),"Parala Maharaja Engineering College, Berhampur",B.TECH,Ganjam,"Sitalapalli, Berhampur,Dist : Ganjam, Odisha - 761003"
151,Govt (Affiliated),"Madhusudhan Institute of Co-Operative Management, Bhubaneswar",MBA,Khurda,"Unit - 8, Nayapalli, Bhubaneswar,Dist : Khurda, Odisha - 751012"
102,Govt (Constituent),"Institute of Management & Information Technology, Cuttack",MCA\MBA,Cuttack,"Gourav Palace, Matha Sahi, Po : Tulsipur, Cuttack,Dist : Cuttack, Odisha - 753008"
107,Govt (Constituent),"College of IT & Management Education, Bhubaneswar",MCA\MBA,Khurda,"Zone - B, Plot No - 4, Mancheswar IE Rd., Sector A, Bhubaneswar,Dist : Khurda, Odisha - 751010"
114,Govt (Affiliated),"Centre for UG & PG Studies, BPUT, Odisha",B.TECH\M.TECH,Sundergarh,"Chhend, Rourkela,Dist : Sundergarh, Odisha - 769015"
105,Govt (Affiliated Autonomous),"Indira Gandhi Institute of Technology, Sarang",B.TECH\M.TECH,Dhenkanal,"Sarang, Dhenkanal,Dist : Dhenkanal, Odisha - 759146"
201,Pvt.,"Seemanta Engineering College, Mayurbhanj",B.TECH\M.TECH\MCA,Mayurbhanj,"At - Mayurvihar, Village - Jaunti, Po - Jharpokharia,Dist - Mayurbhanj, Baripada, Odisha - 757086"
202,Pvt. (Autonomous),NIST Institute of Science and Technology,B.TECH\M.TECH\MCA\MBA,Ganjam,"Palur Hills, Berhampur,Dist - Ganjam, Odisha - 761008"
204,Pvt.,Roland Institute of Technology,B.TECH\MCA\MBA,Ganjam,"Surya Vihar, Kothari Singhi, Golanthara, Berhampur,Dist - Ganjam, Odisha - 761008"
205,Pvt.,"Bhadrak Institute of Engineering & Technology, Barapada, Bhadrak",B.TECH\M.TECH\MBA,Bhadrak,"At/Po - Barapada, Bhadrak,Dist - Bhadrak, Odisha - 756113"
206,Pvt.,"Ajay Binay Institute of Technology, Cuttack",B.TECH\M.TECH\MCA\MBA,Cuttack,"Sector - I, CDA,,Dist - Cuttack, Odisha - 753014"
209,Pvt. (Autonomous),Silicon Institute of Technology,B.TECH\M.TECH\MCA\MS\MSC,Khurda,"Silicon Hills, Patia, Bhubaneswar,Dist - Khurda, Odisha - 751024"
214,Pvt.,Konark Institute of Science and Technology,B.TECH\M.TECH\MBA(I)\MBA,Khurda,"Po Box No. 21, Technopark, Jatni,Dist - Khurda, Odisha - 752050"
215,Pvt.,Eastern Academy of Science and Technology (EAST),B.TECH\M.TECH,Khurda,"At - Prachi Vihar, Anantapur, Po - Phulnakhara,Dist - Khurda, Odisha - 754001"
217,Pvt.,"Padmashree Krutartha Acharya College of Engineering, Bargarh",B.TECH,Bargarh,"At/Po - Chakarkend,Dist - Bargarh, Odisha - 768033"
219,Pvt.,College of Engineering Bhubaneswar,B.TECH\M.TECH\MCA\MBA,Khurda,"Plot No - 1(a), Cni Complex, Patia, Chandrasekharpur,Dist - Khurda, Odisha - 751024"
220,Pvt.,"Sanjay Memorial Institute of Technology, SMIT",B.TECH,Ganjam,"Chandipadar, Via - Bhatakumarada, Berhampur,Dist - Ganjam, Odisha - 761003"
221,Pvt.,"Ghanashyam Hemalata Intitute of Technology & Management, Puri",B.TECH,Puri,"Rasananda Jena Vihar, Bhuan, Po - Chhaitana, Puri,Dist - Puri, Odisha - 752002"
223,Pvt.,Krupajal Engineering College,B.TECH\M.TECH\MCA,Khurda,"Pubasasan, Kausalyaganga,Dist - Khurda, Odisha - 751002"
224,Pvt.,Majhighariani Institute of Technology and Science,B.TECH,Rayagada,"Sriram Vihar, Bhujabala, Kolnara, Rayagada,Dist - Rayagada, Odisha - 765017"
225,Pvt.,Balasore College of Engineering and Technology,B.TECH\M.TECH\MCA\MBA,Balasore,"Sergarh, Balasore,Dist - Balasore, Odisha - 756060"
228,Pvt.,"Gopal Krishna College of Engineering & Technology, Jeypore",B.TECH,Koraput,"Gourahari Vihar, Po - Raniput, Jeypore,Dist - Koraput, Odisha - 764005"
229,Pvt. (Autonomous),DRIEMS,B.TECH\M.TECH,Cuttack,"At - Kairapari, Po - Kotsahi (Tangi),Dist - Cuttack, Odisha - 754022"
230,Pvt.,Synergy Institute of Engineering & Technology,B.TECH,Dhenkanal,"Banamaliprasad, By the Side of NH-42,Dist - Dhenkanal, Odisha - 759001"
231,Pvt.,Samanta Chandrasekhar Institute of Technology & Management,B.TECH,Koraput,"At - Janiguda, Po - Semiliguda,Dist - Koraput, Odisha - 764036"
236,Pvt.,Gayatri Institute of Computer and Management Studies (GICMS),MCA\MBA,Rayagada,"Gyan Vihar, At - Regeda, Po - Gunupur,Dist - Rayagada, Odisha - 765022"
237,Pvt.,Institute of Science and Information Technology ISIT,MCA,Khurda,"Prasnagarbha, Plot No. S-3/68, 69 & 83, Sector - A, Zone - B,Mancheswar Industrial Estate, Bhubaneswar, Odisha - 751010"
240,Pvt.,Rourkela Institute of Technology,MCA\MBA,Sundergarh,"At - RIT Campus, Po - Kalunga, Rourkela,Dist - Sundergarh, Odisha - 770031"
242,Pvt.,Academy of Business Administration,MCA\MBA,Balasore,"Harida, Kuruda,Dist - Balasore, Odisha - 756056"
247,Pvt.,Regional College of Management,MCA\MBA,Khurda,"Chakadola Vihar, Chandrasekharpur, Bhubaneswar,Dist - Khurda, Odisha - 751023"
251,Pvt.,Kanak Manjari Institute of Pharmaceutical Sciences,B.PHARM\M.PHARM,Sundargarh,"At-Chhend Colony, Po-Rourkela,,Dist-Sundargarh Odisha Pin-769015"
252,Pvt.,The Pharmaceutical College,B.PHARM\M.PHARM,Bargarh,"Samaleswari Vihar, Tingipali Po-Mohada, Via-Barpali,Dist-Bargarh Odisha Pin-768029"
253,Pvt.,"College of Pharmaceutical Sciences, Berhampur",B.PHARM\M.PHARM,Ganjam,"At/Po -Mohuda Dist-Ganjam,,Odisha, Pin-760002"
254,Pvt.,Royal College of Pharmacy and Health Sciences,B.PHARM\M.PHARM,Ganjam,"Andhapasara Road,"
256,Pvt.,Gayatri College of Pharmacy,B.PHARM\M.PHARM,Sambalpur,"Gayatri Vihar, Jamadarpali Sambalpur-768200,"
258,Pvt.,Biju Patnaik Institute of Information Technology and Management Studies,MBA(I)\MBA,Khurda,"Plot No - F/4, Chandaka Industrial Estate, Opp of Infocity, Patia,Dist - Khurda, Bhubaneswar, Odisha - 751024"
259,Pvt.,Mahavir Institute of Engineering and Technology,B.TECH\M.TECH\MCA\MBA,Khurda,"Mahavir Nagar, Paniora, Po - Palashpur,Dist - Khurda, Odisha - 752054"
260,Pvt.,Rourkela Institute of Management Studies,MCA\MBA,Khurda,"Institutional Area, Gopabandhu Nagar, Chhend,Dist - Sundergarh, Rourkela - 769015"
262,Pvt.,IIPM School of Management,MBA,Sundergarh,"At/po - Kansbahal,Dist - Sundergarh, Odisha - 770034"
263,Pvt.,Dr. Ambedkar Memorial Institute of Information Technology & Management Science,MCA\MBA,Sundergarh,"Jagda, Rourkela,Dist - Sundergarh, Odisha - 769042"
266,Pvt.,Trident Academy of Creative Technology,MCA\MBA,Khurda,"F2/B, Chandaka Industrial Estate, In Front Of Infocity,Chandrasekharpur, Dist - Khurda, Bhubaneswar, Odisha - 751024"
267,Pvt.,Roland Institute of Pharmaceutical Sciences,B.PHARM\M.PHARM,Ganjam,"Po- Khodasingi,"
268,Pvt.,Jeypore College of Pharmacy,B.PHARM\M.PHARM,Koraput,"Rondapalli, Jeypore, Dist- Koraput, Odisha, 764002,"
269,Pvt.,Gayatri Institute of Science and Technology,B.PHARM\M.PHARM,Rayagada,"Gyan Vihar, At-Regeda Po-Gunupur-,Dist-Rayagada-(Odisha) Pin -765022"
271,Pvt.,PJ College of Management & Technology,MCA\MBA,Khurda,"Swatik Nagar, Kesora, Bhubaneswar,Dist - Khurda, Odisha - 751002"
273,Pvt.,"IMT Pharmacy College, Puri",B.PHARM\M.PHARM,Puri,"At-Sai Bihar , New Nabakalebara Road, Village-Gopalpur,,Puri Post -Puri-2 Dist -Puri Odisha State Pin -752002"
274,Pvt.,United School of Business Management,MCA\MBA,Khurda,"Plot No - 37/A, Chandaka Industrial Estate, Patia, Bhubaneswar,Dist - Khurda, Odisha - 751024"
275,Pvt.,Bhubaneswar Institute of Management & Information Technology,MBA,Khurda,"Prasnagarbha, Plot No - S-3/68, 69 & 83, Sector - A, Zone - B,Mancheswar Industrial Estate, Dist - Khurda, Odisha - 751010"
276,Pvt.,BRM Institute of Management and Information Technology,MBA(I)\MCA\MBA,Khurda,"Puba Sasan, Koushlya Ganga, Bhubaneswar,Dist - Khurda, Odisha - 751002"
278,Pvt.,Global Institute of Management,MBA,Khurda,"At - Hanspal, Po - Naharkanta, Bhubaneswar,Dist - Khurda, Odisha - 752101"
280,Pvt.,NIIS Institute of Business Administration,MCA\MBA,Khurda,"Sarada Vihar, Madanpur, Bhubaneswar,Dist - Khurda, Odisha - 752054"
281,Pvt.,Institute of Professional Studies & Research,MCA\MBA,Cuttack,"IPSAR House, Sector - 6, CDA, Cuttack,Dist - Cuttack, Odisha - 753014"
282,Pvt.,"S.M.Institute of Technology, P.G.Centre for Management Studies",MBA,Ganjam,"Brundaban Bihar, Ankushpur, Berhampur,Dist - Ganjam, Odisha - 761100"
283,Pvt.,Rajdhani College of Engineering and Management,MBA(I)\MBA,Khurda,"Plot No - 18, Sector - A, Zone - B, Mancheswar Industrial Estate,Dist - Khurda, Odisha - 751010"
284,Pvt.,Astha School of Management,MBA,Khurda,"261, Atala, Balianta, Bhubaneswar,Dist - Khurda, Odisha - 752101"
285,Pvt.,RJ School of Management Studies,MBA,Balasore,"RJ Vidya Vihar, Tigiria, Tentulipura, Po - Punjibag, Via - Sunhat,Dist - Balasore, Odisha - 756002"
286,Pvt. (Autonomous),Srusti Academy of Management,MBA(I)\MCA\MBA,Khurda,"Plot No - 38/1, Chandaka Industrial Estate, Po - Patia,Dist - Khurda, Odisha - 751024"
287,Pvt. (Autonomous),"GITA Autonomous College, Bhubaneswar",B.TECH\M.TECH\MCA\MBA,Khurda,"At - Badaraghunathpur, Po - Madanpur, Via - Janla, Bhubaneswar,Dist - Khurda, Odisha - 752054"
288,Pvt.,NM Institute of Engineering & Technology,B.TECH\M.TECH\MCA\MBA,Khurda,"Sijua, Patrapada, Bhubaneswar,Dist - Khurda, Odisha - 751019"
289,Pvt.,Trident Academy of Technology,B.TECH\M.TECH\MCA\MBA,Khurda,"F2A, Infront Of Inforcity, Chandaka I.E, Chandrasekharpur,Dist - Khurda, Bhubaneswar, Odisha - 751024"
290,Pvt.,Dadhichi College of Pharmacy,B.PHARM\M.PHARM,Cuttack,"Vidya Vihar, Sundargram,,Cuttack, Odisha"
291,Pvt.,The Techno School,B.TECH\M.TECH\MCA\MBA,Khurda,"361-A, Patrapada, Bhubaneswar,Dist - Khurda, Odisha - 751019"
292,Pvt.,"Gandhi Engineering College (GEC, Bhubaneswar)",B.TECH\M.TECH\MCA\MBA,Khurda,"At - Badaraghunathpur, Po - Madanpur, off NH5 on Gahira Square,Dist - Khurda, Bhubaneswar, Odisha - 752054"
293,Pvt.,Satyasai Engineering College,B.TECH\M.TECH,Balasore,"At - Srikona (chandipur Sea Beach Road), Po - Panjibag, Via - Sunhat,Dist - Balasore, Odisha - 756002"
294,Pvt.,Raajdhani Engineering College,B.TECH\M.TECH\MCA\MBA,Khurda,"Near Mancheswar Rly. Station, Mancheswar, Bhubaneswar,Dist - Khurda, Odisha - 751017"
295,Pvt.,Piloo-mody College of Architecture,B.ARCH\M.ARCH,Cuttack,"Ajay Binay Institute Of Technology, Badambadi, Cuttack,Dist - Cuttack, Odisha - 753012"
296,Pvt.,"College of Pharmaceutical Sciences, Puri",B.PHARM\M.PHARM,Puri,"Marine Drive Road Po-Baliguali,Dist-Puri Pin-752002 Odisha"
297,Pvt.,Nalanda Institute of Technology,B.TECH\M.TECH\MCA\MBA\MS\MSC\MSC(I),Khurda,"Bhudhist Villa, Nebad Bhuasani Temple Square, Chandaka, Bhubaneswar,Dist - Khurda, Odisha - 752056"
298,Pvt. (Autonomous),"Gandhi Institute For Technology (GIFT), Bhubaneswar",B.TECH\M.TECH\MCA\MBA\MS\MSC\MSC(I),Khurda,"At - Gramadiha, Po - Gangapada, Via - Janla,Dist - Khurda, Odisha - 752054"
299,Pvt.,"Templecity Institute of Technology & Engineering (TITE), Bhubaneswar",B.TECH\MBA,Khurda,"Vill - Taraboi Mouza - Manipur, Ps/Tahsil - Jatni,Dist - Khurda, Odisha - 752050"
300,Pvt.,Hi-Tech Institute of Technology,B.TECH\M.TECH\MBA(I)\MBA,Khurda,"Industrial Estate, Khurda, Bhubaneswar,Dist - Khurda, Odisha - 752057"
301,Pvt.,Vignan Institute of Technology and Management,B.TECH\M.TECH\MBA,Ganjam,"Bhairavi Vihar, Haradanga Village, Po - Mantridi, Via - Golanthara,Dist - Ganjam, Berhampur, Odisha - 761008"
302,Pvt.,Modern Engineering & Management Studies,B.TECH\MBA,Balasore,"Banaparia, Kuruda, Balasore,Dist - Balasore, Odisha - 756056"
304,Pvt.,Gandhi Institute of Technology and Management (GITAM),B.TECH\MBA,Khurda,"Saraswati Vihar, At - Gramadiha, Po - Gangapada, Via - Janala,Dist - Khurda, Odisha - 752054"
305,Pvt.,Kalam Institute of Technology,B.TECH\MBA,Ganjam,"Govinda Vihar, Govindapur, Po - Laxmipur, Bermhampur,Dist - Ganjam, Odisha - 761003"
309,Pvt.,"Black Diamond College of Engineering & Technology, Jharsuguda",B.TECH,Jharsuguda,"At - Balijori, L&t Bypass Road. Post Box No. 21,Dist - Jharsuguda, Odisha - 768201"
310,Pvt.,Modern Institute of Technology and Management,B.TECH\MBA,Khurda,"At - Bhagabatipur, Po - Kantabada, Via - Janla,Dist - Khurda, Odisha - 752054"
311,Pvt.,Subas Institute of Technology,B.TECH,Khurda,"Gyan Vihar, Barang, Bhubaneswar,Dist - Khurda, Odisha - 754005"
312,Pvt.,Barrister Ranjit Mohanty International Institute of Technology,B.TECH\M.TECH,Khurda,"At - Pandra, Po - Rasulgarh, Bhubaneswar,Dist - Khurda, Odisha - 751010"
315,Pvt.,Gurukula Institute of Technology,B.TECH\MBA,Khurda,"Jamujhari, Chhatabar, Bhubaneswar,Dist - Khurda, Odisha - 752054"
316,Pvt.,Bhubaneswar Engineering College (BEC),B.TECH\MBA,Khurda,"NK Nagar, At - Gramdiha, Pittapally, Bhubaneswar,Dist - Khurda, Odisha - 752024"
317,Pvt.,Gandhi Institute of Science and Technology,B.TECH,Rayagada,"At - Kholiguda, Po - Kothapeta, Rayagada,Dist - Rayagada, Odisha - 765017"
318,Pvt.,Indus College of Engineering,B.TECH\MBA,Khurda,"Barakuda Height, Bhubaneswar,Dist - Khurda, Odisha - 752050"
319,Pvt.,"Sundargarh Engineering College, Sundargarh",B.TECH,Sundergarh,"At/Po - Kirei, Sundargarh,Dist - Sundargarh, Odisha - 770073"
320,Pvt.,Aryan Institute of Engineering & Technology,B.TECH\M.TECH\MCA,Khurda,"At - Barakuda, Po - Panchagaon, Bhubaneswar,Dist - Khurda, Odisha - 752050"
321,Pvt.,Bhubaneswar Institute of Technology,B.TECH,Khurda,"Infovalley, Harapur, Bhubaneswar,Dist - Khurda, Odisha - 752054"
322,Pvt.,Einstein Academy of Technology and Management,B.TECH\M.TECH\MBA,Khurda,"At - Baniatangi, Po - Bajapur,,Dist - Khurda, Odisha - 752060"
324,Pvt.,Gandhi Academy of Technology and Engineering,B.TECH\MCA\MBA,Ganjam,"Golanthara, Konisi, Berhampur,Dist - Ganjam, Odisha - 761008"
326,Pvt.,Gandhi Institute For Education & Technology,B.TECH\M.TECH\MCA\MBA,Khurda,"At - Baniatangi, Po - Bajpur,Dist - Khurda, Odisha - 752060"
328,Pvt.,Indotech College of Engineering,B.TECH,Khurda,"Plot No 144, At/Po - Mallipada, Via - Pallahat,Dist - Khurda, Odisha - 752056"
329,Pvt.,KMBB College of Engineering and Technology,B.TECH,Khurda,"NH-5, Daleiput, Khurda,Dist - Khurda, Odisha - 752056"
330,Pvt.,Gayatri Institute of Engineering and Technology,B.TECH,Ganjam,"Tatadapalli Village, Golanthra Junction, Konisi Tahsil, Berhampur,Dist - Ganjam, Odisha - 761008"
331,Pvt.,"Srinix College of Engineering, Balasore",B.TECH,Balasore,"At - Ranipatna, Po - Balasore,Dist - Balasore, Odisha - 756001"
332,Pvt.,Sophitorium Engineering College,B.TECH,Khurda,"In Front Road of Collector's Office, Baniatangi,Dist - Khurda, Odisha - 752060"
333,Pvt.,Suddhananda Engineering and Research Centre,B.TECH\M.TECH,Khurda,"At - Nachhipur, Po - Bhatapatna, Bhubaneswar,Dist - Khurda, Odisha - 752115"
334,Pvt.,Shibani Institute of Technical Education (SITE),B.TECH,Khurda,"At/Po - Chhatabar, Via - Janla, Bhubaneswar,Dist - Khurda, Odisha - 752054"
335,Pvt.,Synergy Institute of Technology,B.TECH,Khurda,"At - Bhimapur, Via - Phulnakhara, Po - Pahala, Bhubaneswar,Dist - Khurda, Odisha - 752101"
336,Pvt.,Spintronic Technology and Advance Research,B.TECH,Khurda,"At/Po - Taraboi, Via - Jatani, Bhubaneswar,Dist - Khurda, Odisha - 752050"
337,Pvt.,"Vikash Institute of Technology, Bargarh",B.TECH\MS\MSC\MSC(I),Bargarh,"Vikash Enclave, Barahaguda, Canal Chowk,Dist - Bargarh, Odisha - 768028"
339,Pvt.,Vedang Institute of Technology,B.TECH,Khurda,"Durgaprasad, Po - Ramachandi, Bhubaneswar,Dist - Khurda, Odisha - 752010"
341,Pvt.,Silicon Institute of Technology,B.TECH,Sambalpur,"Silicon West, Sason, Sambalpur,Dist - Sambalpur, Odisha - 768200"
342,Pvt.,Oxford College of Engineering and Management,B.TECH,Khurda,"At - Ramachandrapur, Po - Bhatapatna, Ps - Balianta, Bhubaneswar,Dist - Khurda, Odisha"
343,Pvt.,Vijayanjali Institute of Technology,B.TECH,Balasore,"At - Khantapada, Balasore,Dist - Balasore, Odisha - 756043"
344,Pvt.,VITS Engineering College,B.TECH,Khurda,"Damanabhuin, Khurda,Dist - Khurda, Odisha - 752020"
346,Pvt.,Adarsha College of Engineering,B.TECH\M.TECH,Angul,"At - Saradhapur, Po - Kumurisingha, Via - Angul,Dist - Angul, Odisha - 759122"
347,Pvt.,Nigam Institute of Engineering & Technology,B.TECH\M.TECH,Cuttack,"At - Baranga, Cuttack,Dist - Cuttack, Odisha - 754006"
348,Pvt.,Gandhi Institute of Excellent Technocrats,B.TECH\MCA\MBA,Khurda,"Princes Avenue, Gangapatna, Bhubaneswar, Po - Kantabada, Via - Janla,Dist - Khurda, Odisha - 752054"
356,Pvt.,Suddhananda School of Management and Computer Science,MCA\MBA,Khurda,"At - Nachhipur, Po - Bhatapatna, Bhubaneswar,Dist - Khurda, Odisha - 752115"
360,Pvt.,Capital Engineering College,B.TECH\MCA\MBA,Khurda,"Plot No - 1293, At/Po - Mahatapala,Dist - Khurda, Odisha - 752055"
361,Pvt.,Capital Institute of Management and Science,MBA(I)\MBA,Khurda,"1309, Padhansahi Square, Bhubaneswar,Dist - Khurda, Odisha - 752050"
362,Pvt.,Rayagada Institute of Technology and Management,B.TECH,Rayagada,"Pitamahal, Rayagada,Dist - Rayagada, Odisha - 765001"
364,Pvt.,Krutika Institute of Technical Education,B.TECH,Khurda,"Gangapatna, Bhubaneswar,Dist - Khurda, Odisha - 752054"
365,Pvt.,Bhubaneswar Institute of Industrial Technology,B.TECH,Khurda,"Pandiapada, Retanga, Bhubaneswar,Dist - Khurda, Odisha - 752054"
367,Pvt.,Radhakrishna Institute of Technology and Engineering (RITE),B.TECH\MCA\MBA,Khurda,"Plot No.-1,khurda Industrial Estate, Bhubaneswar,Dist - Khurda, Odisha - 752060"
368,Pvt.,Saraswat Institute of Management,MBA,Khurda,"Keranda, Bajpur, Bhubaneswar,Dist - Khurda, Odisha - 752060"
369,Pvt.,Academy of Management & Information Technology,MBA,Khurda,"67, IID Center,Dist - Khurda, Odisha - 752057"
370,Pvt.,Bhubaneswar College of Engineering,B.TECH,Khurda,"At - Khajuria, Po - Damanabhuin, Ps - Jankia,Dist - Khurda, Odisha - 752020"
372,Pvt.,Krupajal Computer Academy,MCA\MBA,Khurda,"Prashanti Vihar, Puba Sasan, Kausalyaganga, Bhubaneswar,Dist - Khurda, Odisha - 751002"
373,Pvt.,Krupajal Management Studies,MBA,Khurda,"Prashanti Vihar, Puba Sasan, Kausalyaganga, Bhubaneswar,Dist - Khurda, Odisha - 751002"
374,Pvt.,Gandhi Institute of Advanced Computer and Research,B.TECH\MBA,Rayagada,"Prajukti Vihar, Aurobindo Marg, Rayagada,Dist - Rayagada, Odisha - 765002"
375,Pvt.,SGI School of Architecture,B.ARCH,Khurda,"At-nachhipur, Po-bhatapatana, Bhubaneswar,Dist - Khurda, Odisha - 752115"
376,Pvt.,Institute of Business Management,MBA,Khurda,"Prachi Vihar, Anantapur, Phulnakhara,Dist - Khurda, Odisha - 754001"
377,Pvt.,Koustuv Business School,MBA(I)\MBA,Khurda,"Plot No - 1(c), Sector - B, CNI Complex, Patia, Bhubaneswar,Dist - Khurda, Odisha - 751024"
379,Pvt.,Dhaneswar Rath Institute of Engineering and Management Studies (DRIEMS) MBA,MBA,Cuttack,"At - Kairapari, Po - Kotsahi (Tangi), Cuttack,Dist - Cuttack, Odisha - 754022"
380,Pvt.,Oxford College of Management,MBA,Khurda,"At - Ramachandrapur, Po - Bhatapatna, Ps - Balianta, Bhubaneswar,Dist - Khurda, Odisha - 752115"
382,Pvt.,Zenith School of Management,MBA,Khurda,"At - Pitapalli, Po - Jatani,Dist - Khurda, Odisha - 752050"
383,Pvt.,Gurukrupa College of Management,MBA,Khurda,"Plot No - 1742, Sub Plot - 03, At - Kalarahanga, Po - KIIT Square,Patia, Dist - Khurda, Odisha - 751024"
384,Pvt.,Aryan School of Business Management,MBA,Khurda,"At - Barakuda, Po - Panchagaon, Bhubaneswar,Dist - Khurda, Odisha - 752050"
386,Pvt.,Ganesh Institute of Management Studies,MBA,Khurda,"Bidya Nagar, Jagannath Prasad, Andharua, Bhubaneswar,Dist - Khurda, Odisha - 751003"
387,Pvt.,Asian School of Management,MBA,Khurda,"At - Bantala, Po - Muktapur,Dist - Khurda, Odisha - 752055"
388,Pvt.,Capital Business School,MBA,Khurda,"Plot No - 1293, Mahatapalla, Po - Bajapur,Dist - Khurda, Odisha - 752060"
389,Pvt.,Disha College of Management and Technology,MBA,Ganjam,"Biswanathpur Road, Near Bhairabi Temple, Po - Mantridi,Via - Golanthara, Berhampur, Dist - Ganjam, Odisha - 761008"
390,Pvt.,Adarsha School of Engineering & International Polytechnic,MBA,Angul,"At - Saradhapur, Po - Kumurisingha, Angul,Via / Dist - Angul, Odisha - 759122"
391,Pvt.,Maharaja Business School,MBA,Angul,"Gamai, Po - Gangapada, Via - Janla, Bhubaneswar,Dist - Khurda, Odisha - 752054"
392,Pvt.,Swami Vivekananda Institute of Management,MBA,Khurda,"At - Baniatangi, Po - Bazapur, Bhubaneswar,Dist - Khurda, Odisha - 752055"
394,Pvt.,Institute of Pharmaceutical Sciences,B.PHARM,Balasore,"Station Bazar , On Jamalpur Road, Near Nh-60,,Jaleswar, Balasore, Odisha, 756032"
395,Pvt.,Gayatri Institute of Science and Technology,MBA,Ganjam,"Ganju, Berhampur,Dist - Ganjam, Odisha - 760002"
396,Pvt.,Utkal Institute of Management,MBA,Khurda,"At - Rathipur, Po  Kantia, Jatani,Dist - Khurda, Odisha - 752050"
397,Pvt.,Bhubaneswar Institute of Management,MBA,Khurda,"Narasingpur, Retang, Bhubaneswar,Dist - Khurda, Odisha - 751054"
398,Pvt.,Presidency College,MCA,Ganjam,"Village - Kanisi, Sihala Road, Po - Sunadei, Konisi, Berhampur,Dist - Ganjam, Odisha - 761008"
399,Pvt.,Sri Institute of Management,MBA,Nayagarh,"Plot No - 3287/3603, At/po - Komand, Nayagarh,Dist - Nayagarh, Odisha - 752090"
400,Pvt.,HM School of Business Management,MBA,Khurda,"At - Phulachhanchuni, Po - Gudum, Bhubaneswar,Dist - Khurda, Odisha - 752056"
401,Pvt.,Samet School of Management,MBA,Khurda,"75/2 Sai Vihar, Bharatpur, Bhubaneswar,Dist - Khurda, Odisha - 751003"
402,Pvt.,Cambridge School of Management,MBA,Balasore,"At/Po - Kantipur, Soro,Dist - Balasore, Odisha - 756045"
403,Pvt.,The College of Pharmaceutical Science,B.PHARM,Khurda,"At/Po-Tamando, Via-Janla, Dist-Khurda,,Bhubaneswar-752054"
404,Pvt.,Kalinga Institute of Pharmaceutical Sciences,B.PHARM,Balasore,"At-Biruan, Behind Hari Marine, Po-Sergarh,,Dist-Balasore-756040, Balasore"
405,Pvt.,Santoshi Institute of Pharmaceutical Education and Research,B.PHARM,Cuttack,"Manguli, Cuttack,"
407,Pvt.,Dr. Ambedkar Institute of Pharmaceutical Science,B.PHARM,Sundargarh,"At/Po-Jabaghat, Via -Jhirpani,,Rourkela, Sundargarh"
408,Pvt.,Aurosri Institute of Pharmaceutical Education and Research,B.PHARM,Cuttack,"At-Kadei, Po-Uchhapada,  Ps-Tangi,,Dist-Cuttack , Pin-754022"
409,Pvt.,Mayurbhanj Medical Academy,B.PHARM,Mayurbhanj,"Indapahi, Laxmiposi, Baripada,,Mayurbhanj, Odisha, 757107"
410,Pvt.,Batakrushna College of Pharmacy,B.PHARM,Nuapada,"At-Ainlajuba, Po-Darlimunda,,Dist-Nuapada, Pin-766105, Odisha"
416,Pvt.,Utkal Institute of Technology and Management,MBA,Khurda,"At - Bhatakuri, Po - Gangapada,Dist - Khurda, Odisha - 752054"
417,Pvt.,Vamsi Institute of Management Studies,MBA,Rayagada,"At - Jagannathpur, Po - Pitamahal,Dist - Rayagada, Odisha - 765002"
415,Pvt.,Einstein College of Computer Application and Management,MCA\MBA,Khurda,"At - Baniatangi, Po - Bajapur Village,Dist - Khurda, Odisha - 752060"
418,Pvt.,Gayatri Institute of Management,MBA,Khurda,"At - Sudhasadangi, Mouza/Po - Brahmansualo, Block/Ps - Balianta,Dist - Khurda, Bhubaneswar, Odisha - 752100"
414,Pvt.,Bharat Institute of Management and Technology,MBA,Balasore,"Dahapada, Fuladi,Dist - Balasore"
NP07,Pvt.,"Xavier Pharmacy College, Jajpur",B.PHARM,Jajpur,"Jajpur Road, Jajpur Road, F C Project Jajpur Road,,Dist-Jajpur, Odisha - 755020"
NP10,Pvt.,"Koustuve Research Institute Of Medical Sciences (KRIMS), Bhubaneswar",B.PHARM,Khurda,"Plot No. 2, CNI Complex, Inforcity Road,,Patia, Bhubaneswar - 751024"
NP11,Pvt.,"Om Sai College Of Pharmacy & Health Sciences, Berhampur",B.PHARM,Ganjam,"Sai Vihar, Near Haldipadar Junction, NH16, By Pass,,Berhampur, Ganjam, Odisha - 760003"
NP12,Pvt.,"Maa Vaishnodevi College Pharmacy, Balasore",B.PHARM,Balasore,"At/Po û Angargadia, Harida, Dist : Balasore - 756001,"
226,Pvt.,Seemanta Institute of Pharmaceutical Sciences,B.PHARM\M.PHARM,Mayurbhanj,"At/Po-Jharpokharia Dist-Mayurbhanj,Odisha Pin-757086"
239,Pvt.,Sri Jayadev College of Pharmaceutical Sciences,B.PHARM\M.PHARM,Khurda,"Po-Naharkanta Via-Balianta Bhubaneswar,District Khurda Pin 752101, Odisha"
255,Pvt.,Indira Gandhi Institute of Pharmaceutical Sciences,B.PHARM\M.PHARM,Khurda,"IRC Village, Bhubaneswar-751015, Odisha.,"
257,Pvt.,"Institute of Pharmacy & Technology, Salipur",B.PHARM\M.PHARM,Cuttack,"Salipur At/Po-Salipur Dist. Cuttack, Odisha Pin-754202,"
345,Pvt.,Hi-Tech College of Pharmacy,B.PHARM,Khurda,"At-Pandara, Po-Rasulgarh, Bhubaneswar,,Dist-Khurda, Pin -751025, Odisha"
393,Pvt.,Nityananda College of Pharmacy,B.PHARM,Balasore,"NH -16, At/Po-Sergarh,"
406,Pvt.,Om Sai Institute of Paramedical Sciences,B.PHARM,Mayurbhanj,"At/Po-Ambadali, Via-Dukura, Ps-Khunta,,Mayurbhanj, Odisha 757075"
411,Pvt.,Orissa College of Pharmaceutical Sciences,B.PHARM,Dhenkanal,"At-Patimala, Po-Mahulipada, Dist-Dhenkanal,"
412,Pvt.,Luckky College of Pharmaceutical Sciences,B.PHARM,Khurda,"At-Mahavir Nagar, Po-Palashpur,,Bhubaneswar, Dist-Khurda"